ID,Group,Distance,Intensity
1603,control,0,21.32
1603,control,1,21.48
1603,control,2,22.44
1603,control,3,23.2
1603,control,4,24.2
1603,control,5,25.16
1603,control,6,26.64
1603,control,7,29.2
1603,control,8,30.56
1603,control,9,31.12
1603,control,10,32.12
1603,control,11,33.12
1603,control,12,35.2
1603,control,13,38.24
1603,control,14,42.2
1603,control,15,46.04
1603,control,16,50.12
1603,control,17,53.52
1603,control,18,57
1603,control,19,60.8
1603,control,20,63.84
1603,control,21,65.76
1603,control,22,66.56
1603,control,23,66.48
1603,control,24,67
1603,control,25,68.64
1603,control,26,70.64
1603,control,27,70.24
1603,control,28,69.16
1603,control,29,71.32
1603,control,30,74.08
1603,control,31,75.56
1603,control,32,79.32
1603,control,33,85.16
1603,control,34,91.08
1603,control,35,95.52
1603,control,36,97.92
1603,control,37,99.92
1603,control,38,101.8
1603,control,39,101.8
1603,control,40,99.84
1603,control,41,98.36
1603,control,42,98.16
1603,control,43,97.48
1603,control,44,96.72
1603,control,45,96.36
1603,control,46,96.04
1603,control,47,96.12
1603,control,48,96.4
1603,control,49,97.32
1603,control,50,98.4
1603,control,51,98.64
1603,control,52,97.96
1603,control,53,98.12
1603,control,54,98.96
1603,control,55,99.28
1603,control,56,98.04
1603,control,57,95.96
1603,control,58,95.36
1603,control,59,95.24
1603,control,60,94.68
1603,control,61,93.24
1603,control,62,91.4
1603,control,63,89.44
1603,control,64,88.48
1603,control,65,88.4
1603,control,66,87.84
1603,control,67,85.48
1603,control,68,81.56
1603,control,69,77.72
1603,control,70,74.92
1603,control,71,73.4
1603,control,72,72.12
1603,control,73,71.68
1603,control,74,71.6
1603,control,75,71.52
1603,control,76,70.4
1603,control,77,69.12
1603,control,78,66.2
1603,control,79,61.88
1603,control,80,58.44
1603,control,81,56.44
1603,control,82,55.4
1603,control,83,54.48
1603,control,84,53.24
1603,control,85,52.2
1603,control,86,50.44
1603,control,87,46.92
1603,control,88,43.28
1603,control,89,40.32
1603,control,90,38.48
1603,control,91,36.76
1603,control,92,33.72
1603,control,93,30.04
1603,control,94,27.12
1603,control,95,25.12
1603,control,96,23.32
1603,control,97,20.96
1604,control,0,54.4151
1604,control,1,58.8491
1604,control,2,65.4906
1604,control,3,72.6226
1604,control,4,80.3396
1604,control,5,85.8868
1604,control,6,87.4906
1604,control,7,88.5849
1604,control,8,92.283
1604,control,9,96.9811
1604,control,10,100.2076
1604,control,11,103.7547
1604,control,12,108.8868
1604,control,13,114.0755
1604,control,14,117.1509
1604,control,15,117.9434
1604,control,16,117.4151
1604,control,17,116.8679
1604,control,18,116.3208
1604,control,19,116.0566
1604,control,20,116.0189
1604,control,21,116.2642
1604,control,22,115.6604
1604,control,23,114.6038
1604,control,24,113.9245
1604,control,25,114.0755
1604,control,26,114.6038
1604,control,27,114.3962
1604,control,28,114.1509
1604,control,29,114.1887
1604,control,30,114.434
1604,control,31,114.8868
1604,control,32,114.8302
1604,control,33,114.1132
1604,control,34,112.8679
1604,control,35,110.7358
1604,control,36,108.0566
1604,control,37,105.8302
1604,control,38,102.0189
1604,control,39,96.0377
1604,control,40,91.3774
1604,control,41,88.0377
1604,control,42,84.1887
1604,control,43,79.1698
1604,control,44,73.8113
1604,control,45,67.0943
1604,control,46,59.3774
1604,control,47,54.1698
1605,control,0,65.2069
1605,control,1,66.4828
1605,control,2,69
1605,control,3,72.0172
1605,control,4,74.9655
1605,control,5,80.5517
1605,control,6,86.1552
1605,control,7,90.2759
1605,control,8,93.0172
1605,control,9,96.3621
1605,control,10,98.8966
1605,control,11,102.5345
1605,control,12,106.1207
1605,control,13,105.8793
1605,control,14,103.6034
1605,control,15,103.4828
1605,control,16,104.8621
1605,control,17,107.931
1605,control,18,112.3276
1605,control,19,116.2759
1605,control,20,118.2759
1605,control,21,118.5345
1605,control,22,117.9828
1605,control,23,117.5172
1605,control,24,116.3793
1605,control,25,114.9655
1605,control,26,114.1379
1605,control,27,113.4483
1605,control,28,112.9828
1605,control,29,112.931
1605,control,30,113.6724
1605,control,31,114.8793
1605,control,32,114.3276
1605,control,33,113.5517
1605,control,34,112.0345
1605,control,35,109.3621
1605,control,36,107.4138
1605,control,37,106.6034
1605,control,38,102.4138
1605,control,39,96.2069
1605,control,40,91.8276
1605,control,41,87.7759
1605,control,42,83.7759
1605,control,43,81.2241
1605,control,44,80.3448
1605,control,45,77.7586
1605,control,46,76.3793
1605,control,47,76.6552
1605,control,48,74.069
1605,control,49,68.8103
1606,control,0,58.4512
1606,control,1,59.5
1606,control,2,60.4268
1606,control,3,62.0732
1606,control,4,66.6585
1606,control,5,72.3537
1606,control,6,78.1219
1606,control,7,83.8415
1606,control,8,86.7317
1606,control,9,89.7805
1606,control,10,93.9268
1606,control,11,97.5732
1606,control,12,100.5976
1606,control,13,103.3902
1606,control,14,104.2927
1606,control,15,103.6585
1606,control,16,103.3659
1606,control,17,103.8902
1606,control,18,104.2805
1606,control,19,104.5488
1606,control,20,105.1829
1606,control,21,106.1951
1606,control,22,107.2927
1606,control,23,108.061
1606,control,24,109.2073
1606,control,25,111.5366
1606,control,26,114.2683
1606,control,27,116.1098
1606,control,28,116.2805
1606,control,29,115.561
1606,control,30,113.0976
1606,control,31,110.5854
1606,control,32,109.6341
1606,control,33,108.8902
1606,control,34,108.9512
1606,control,35,109.6951
1606,control,36,109.0122
1606,control,37,107.6341
1606,control,38,106.5488
1606,control,39,105.9878
1606,control,40,105.3049
1606,control,41,103.4146
1606,control,42,99.7927
1606,control,43,94.1829
1606,control,44,88.3171
1606,control,45,84.2073
1606,control,46,81.7317
1606,control,47,79
1606,control,48,74.6463
1606,control,49,71.5366
1606,control,50,69.9146
1606,control,51,66.4146
1606,control,52,61.2439
1606,control,53,57.0244
1607,control,0,56.2742
1607,control,1,59.5323
1607,control,2,64.8064
1607,control,3,70.2903
1607,control,4,74.7903
1607,control,5,78.3064
1607,control,6,81.3064
1607,control,7,83.9677
1607,control,8,86.0323
1607,control,9,89.4839
1607,control,10,95
1607,control,11,99.6936
1607,control,12,101.9516
1607,control,13,102.9677
1607,control,14,102.4677
1607,control,15,102.4355
1607,control,16,103.1936
1607,control,17,105.0484
1607,control,18,107.6129
1607,control,19,109.129
1607,control,20,107.8226
1607,control,21,106.1129
1607,control,22,105.2903
1607,control,23,104.1613
1607,control,24,101.6452
1607,control,25,98.4355
1607,control,26,95.7581
1607,control,27,94.7097
1607,control,28,96.2258
1607,control,29,98.1129
1607,control,30,98.8871
1607,control,31,97.6613
1607,control,32,93.0484
1607,control,33,86.4516
1607,control,34,80.5806
1607,control,35,74.1129
1607,control,36,67.0806
1607,control,37,61.5968
1607,control,38,57.0161
1607,control,39,53.2258
1607,control,40,50.5484
1607,control,41,49.7419
1608,control,0,79.8936
1608,control,1,92.3404
1608,control,2,100.5106
1608,control,3,104.0851
1608,control,4,102.7872
1608,control,5,98
1608,control,6,95.2128
1608,control,7,97.2553
1608,control,8,102.2979
1608,control,9,106.234
1608,control,10,107.2766
1608,control,11,106.3404
1608,control,12,105.6383
1608,control,13,107.1064
1608,control,14,110.6809
1608,control,15,114.4255
1608,control,16,116.7447
1608,control,17,117.0638
1608,control,18,116.3617
1608,control,19,115.8936
1608,control,20,116.0638
1608,control,21,116.6383
1608,control,22,117.1277
1608,control,23,117.4681
1608,control,24,118
1608,control,25,118.2553
1608,control,26,117.6383
1608,control,27,116.1915
1608,control,28,114.2979
1608,control,29,112.4468
1608,control,30,110.2979
1608,control,31,108.617
1608,control,32,108.5319
1608,control,33,109.8085
1608,control,34,110.7447
1608,control,35,110.1064
1608,control,36,108.4468
1608,control,37,107.0213
1608,control,38,105.5957
1608,control,39,103.8085
1608,control,40,100.4468
1608,control,41,96.8511
1608,control,42,94.234
1608,control,43,91.9149
1608,control,44,88.9362
1608,control,45,85.4468
1608,control,46,81.5957
1608,control,47,76.6809
1608,control,48,71.3617
1608,control,49,67.4255
1609,control,0,39.7818
1609,control,1,41.4
1609,control,2,42.3636
1609,control,3,43.6909
1609,control,4,45.1273
1609,control,5,47.6
1609,control,6,51.0545
1609,control,7,54.4727
1609,control,8,56.1273
1609,control,9,57.4545
1609,control,10,61.0364
1609,control,11,66.2727
1609,control,12,71.3091
1609,control,13,74.7455
1609,control,14,79.2545
1609,control,15,84.4909
1609,control,16,89.2545
1609,control,17,92.5636
1609,control,18,94.2727
1609,control,19,95.1636
1609,control,20,96.2727
1609,control,21,98.5273
1609,control,22,100.3091
1609,control,23,101.0182
1609,control,24,100.7818
1609,control,25,100.8364
1609,control,26,101.6364
1609,control,27,102.8727
1609,control,28,103.8545
1609,control,29,104.6182
1609,control,30,105.2545
1609,control,31,106.4909
1609,control,32,107.9091
1609,control,33,108.2727
1609,control,34,107.6364
1609,control,35,105.7636
1609,control,36,102.6182
1609,control,37,99.9091
1609,control,38,98.9273
1609,control,39,98.5273
1609,control,40,98.4182
1609,control,41,97.9818
1609,control,42,97.2545
1609,control,43,97
1609,control,44,96.4727
1609,control,45,95.2909
1609,control,46,93.3636
1609,control,47,91.0182
1609,control,48,87.5273
1609,control,49,83.6545
1609,control,50,79.9818
1609,control,51,76.8364
1609,control,52,72.2727
1609,control,53,66.3091
1609,control,54,62.0909
1609,control,55,57.6364
1609,control,56,54.1455
1609,control,57,51.6
1609,control,58,48.5091
1609,control,59,46.8
1610,control,0,36.0556
1610,control,1,41.2963
1610,control,2,49.3704
1610,control,3,55.0741
1610,control,4,58.5926
1610,control,5,64.9074
1610,control,6,73.0741
1610,control,7,76.8333
1610,control,8,77.0556
1610,control,9,76.4259
1610,control,10,76.4259
1610,control,11,78.537
1610,control,12,82.6111
1610,control,13,88.8889
1610,control,14,95.1481
1610,control,15,98.7037
1610,control,16,99.7407
1610,control,17,102.2593
1610,control,18,103.6296
1610,control,19,103.2037
1610,control,20,101.2407
1610,control,21,99.2222
1610,control,22,97.9259
1610,control,23,98.5
1610,control,24,100.0741
1610,control,25,100.7963
1610,control,26,101.0185
1610,control,27,101.1852
1610,control,28,100.7037
1610,control,29,100.3519
1610,control,30,99.8148
1610,control,31,99.037
1610,control,32,99.2407
1610,control,33,99.4074
1610,control,34,98.9074
1610,control,35,97.4815
1610,control,36,95.5556
1610,control,37,93.9259
1610,control,38,90.8704
1610,control,39,86.8704
1610,control,40,83.5926
1610,control,41,80.5556
1610,control,42,78.2778
1610,control,43,76.5
1610,control,44,73.6852
1610,control,45,68.4444
1610,control,46,62.8148
1610,control,47,57.2407
1610,control,48,50.5741
1610,control,49,45.3889
1611,control,0,39.8846
1611,control,1,43.25
1611,control,2,48.75
1611,control,3,54.5385
1611,control,4,60.1154
1611,control,5,66.1346
1611,control,6,71.8269
1611,control,7,76.3846
1611,control,8,81.5
1611,control,9,87.4038
1611,control,10,91.4038
1611,control,11,93.1154
1611,control,12,95.9423
1611,control,13,99.25
1611,control,14,101.6346
1611,control,15,104.5577
1611,control,16,107
1611,control,17,107.6731
1611,control,18,107.9423
1611,control,19,107.4038
1611,control,20,107.6731
1611,control,21,107.5962
1611,control,22,106.4231
1611,control,23,105.7692
1611,control,24,105.3846
1611,control,25,104.8846
1611,control,26,102.6731
1611,control,27,98.9038
1611,control,28,96.3269
1611,control,29,91.5385
1611,control,30,84.4231
1611,control,31,77.0769
1611,control,32,70.3462
1611,control,33,63.8269
1611,control,34,57.9038
1611,control,35,52.5769
1611,control,36,47.0769
1611,control,37,43.0769
1611,control,38,40.2308
1611,control,39,37.9231
1613,control,0,45.5254
1613,control,1,49.1695
1613,control,2,53.7627
1613,control,3,59.7458
1613,control,4,64.9153
1613,control,5,67.983
1613,control,6,70.6271
1613,control,7,72.5932
1613,control,8,77.6949
1613,control,9,82.5085
1613,control,10,84.2881
1613,control,11,87.6441
1613,control,12,92.4915
1613,control,13,96.9153
1613,control,14,100.5424
1613,control,15,102.983
1613,control,16,104.8814
1613,control,17,105.8136
1613,control,18,105.678
1613,control,19,105.9492
1613,control,20,106.0339
1613,control,21,105.8983
1613,control,22,105.8475
1613,control,23,105.661
1613,control,24,105.5085
1613,control,25,105.4068
1613,control,26,105.5763
1613,control,27,105.5593
1613,control,28,106.5085
1613,control,29,107.4068
1613,control,30,107.678
1613,control,31,107.1864
1613,control,32,105.4915
1613,control,33,103.7627
1613,control,34,102.2203
1613,control,35,100.4746
1613,control,36,98.6949
1613,control,37,96.7966
1613,control,38,94.1864
1613,control,39,91.5424
1613,control,40,89.4746
1613,control,41,86.7119
1613,control,42,82.4068
1613,control,43,76.017
1613,control,44,69.3051
1613,control,45,64.0847
1613,control,46,60.2034
1613,control,47,57.3559
1613,control,48,54.5932
1613,control,49,50.7966
1614,control,0,56.8676
1614,control,1,60.4853
1614,control,2,64.7353
1614,control,3,67.7059
1614,control,4,68.7353
1614,control,5,73.2353
1614,control,6,79.4412
1614,control,7,85.1912
1614,control,8,89.7794
1614,control,9,93.7941
1614,control,10,98.3676
1614,control,11,101.5
1614,control,12,103.1176
1614,control,13,103.7941
1614,control,14,103.8088
1614,control,15,103.1912
1614,control,16,102.7794
1614,control,17,102.3676
1614,control,18,102.5588
1614,control,19,103.1471
1614,control,20,104.1324
1614,control,21,105.6471
1614,control,22,107.6471
1614,control,23,110.4559
1614,control,24,112.5441
1614,control,25,113.5
1614,control,26,114.0147
1614,control,27,114.4412
1614,control,28,114.3235
1614,control,29,113.4265
1614,control,30,112.4412
1614,control,31,111.1618
1614,control,32,109.6324
1614,control,33,108.5294
1614,control,34,107.7794
1614,control,35,107.1618
1614,control,36,106.25
1614,control,37,105.3529
1614,control,38,104.5735
1614,control,39,103.3088
1614,control,40,102.0735
1614,control,41,100.8382
1614,control,42,99.6324
1614,control,43,97.9265
1614,control,44,95.7353
1614,control,45,93.1324
1614,control,46,90.9706
1614,control,47,89.0147
1614,control,48,86.4706
1614,control,49,83.3824
1614,control,50,79.6029
1614,control,51,76.0441
1614,control,52,72.9412
1614,control,53,70.1324
1614,control,54,66.6471
1614,control,55,62.7941
1614,control,56,58.7059
1615,control,0,60.2931
1615,control,1,64.3448
1615,control,2,68.5862
1615,control,3,71.7069
1615,control,4,74.2931
1615,control,5,77.4483
1615,control,6,81.6552
1615,control,7,85.2069
1615,control,8,88.4828
1615,control,9,92.0862
1615,control,10,93.9483
1615,control,11,94.8966
1615,control,12,96.5345
1615,control,13,98.8103
1615,control,14,100.8448
1615,control,15,102.7241
1615,control,16,104.3103
1615,control,17,105.6207
1615,control,18,106.7414
1615,control,19,107.2241
1615,control,20,107.0172
1615,control,21,106.8966
1615,control,22,106.3793
1615,control,23,106.3966
1615,control,24,106.7931
1615,control,25,106.6724
1615,control,26,106.9655
1615,control,27,106.8276
1615,control,28,106
1615,control,29,104.7414
1615,control,30,103.431
1615,control,31,102.5862
1615,control,32,101.1724
1615,control,33,98.4138
1615,control,34,95.2414
1615,control,35,93.3621
1615,control,36,92.569
1615,control,37,91.6379
1615,control,38,89.9483
1615,control,39,87.3103
1615,control,40,83.8448
1615,control,41,80.1724
1615,control,42,76.2241
1615,control,43,71.0862
1615,control,44,66.1379
1615,control,45,61.1724
1615,control,46,55.8966
1615,control,47,51.3621
1616,control,0,53.4828
1616,control,1,55.6207
1616,control,2,58.3793
1616,control,3,61.1034
1616,control,4,63.6724
1616,control,5,66.2931
1616,control,6,69.9655
1616,control,7,73.7241
1616,control,8,76.0517
1616,control,9,78.9655
1616,control,10,82.1897
1616,control,11,84.431
1616,control,12,86.569
1616,control,13,90.3276
1616,control,14,94.2414
1616,control,15,95.569
1616,control,16,96.7069
1616,control,17,99.8793
1616,control,18,103.931
1616,control,19,107.8793
1616,control,20,110.7241
1616,control,21,112.569
1616,control,22,113.069
1616,control,23,112.7931
1616,control,24,112.6724
1616,control,25,112.3966
1616,control,26,112.1207
1616,control,27,112.1897
1616,control,28,113.6724
1616,control,29,115.6897
1616,control,30,117.3276
1616,control,31,118.6034
1616,control,32,119.4655
1616,control,33,119.8621
1616,control,34,119.8276
1616,control,35,119.1207
1616,control,36,118.1552
1616,control,37,117.4483
1616,control,38,115.2069
1616,control,39,111.3448
1616,control,40,107.931
1616,control,41,105.3276
1616,control,42,102.3793
1616,control,43,98.0345
1616,control,44,95.0517
1616,control,45,92.9655
1616,control,46,91.0517
1616,control,47,90.4828
1616,control,48,89.1379
1616,control,49,85.6034
1616,control,50,81.1552
1616,control,51,77.4828
1616,control,52,73.8966
1616,control,53,69.7069
1616,control,54,66.2069
1616,control,55,63.5345
1616,control,56,61.0172
1617,control,0,48.1831
1617,control,1,51.7183
1617,control,2,54.8873
1617,control,3,58.2535
1617,control,4,60.8873
1617,control,5,62.8732
1617,control,6,65.1831
1617,control,7,67.5634
1617,control,8,71.0986
1617,control,9,73.1549
1617,control,10,74.3239
1617,control,11,76.0563
1617,control,12,80.831
1617,control,13,86.4648
1617,control,14,92.0986
1617,control,15,94.8873
1617,control,16,97.2535
1617,control,17,99.7747
1617,control,18,100.6479
1617,control,19,100.3099
1617,control,20,100.3662
1617,control,21,101.169
1617,control,22,103.2817
1617,control,23,106.3099
1617,control,24,109.0423
1617,control,25,111.0704
1617,control,26,112.1268
1617,control,27,111.4084
1617,control,28,110.8451
1617,control,29,110.6761
1617,control,30,110.2535
1617,control,31,110.6479
1617,control,32,110.5916
1617,control,33,109.9296
1617,control,34,109.6479
1617,control,35,110.0704
1617,control,36,111.2253
1617,control,37,111.1831
1617,control,38,111.4084
1617,control,39,111.7606
1617,control,40,111.7606
1617,control,41,110.9296
1617,control,42,109.9437
1617,control,43,108.9577
1617,control,44,108.3944
1617,control,45,107.6338
1617,control,46,106.7324
1617,control,47,106.6479
1617,control,48,105.3662
1617,control,49,104.8732
1617,control,50,105.6761
1617,control,51,105.4366
1617,control,52,103.7747
1617,control,53,100.9155
1617,control,54,98.8592
1617,control,55,97.4084
1617,control,56,97.5916
1617,control,57,98.5493
1617,control,58,98.0141
1617,control,59,95.7324
1617,control,60,92.7747
1617,control,61,86.8592
1617,control,62,81.7324
1617,control,63,77.7606
1617,control,64,73.5634
1617,control,65,71.2817
1617,control,66,70
1617,control,67,69.0986
1617,control,68,67.7465
1617,control,69,66.0704
1617,control,70,64.3662
1618,control,0,52.9091
1618,control,1,55.197
1618,control,2,58.2727
1618,control,3,61.4394
1618,control,4,64.5909
1618,control,5,68.0758
1618,control,6,72.6212
1618,control,7,78.303
1618,control,8,83.8636
1618,control,9,88.0909
1618,control,10,91.5758
1618,control,11,94.5303
1618,control,12,96.4545
1618,control,13,96.697
1618,control,14,97.0455
1618,control,15,99.0303
1618,control,16,102.3182
1618,control,17,105.5758
1618,control,18,108.0303
1618,control,19,109.9848
1618,control,20,111.8182
1618,control,21,113.303
1618,control,22,114.5758
1618,control,23,114.8485
1618,control,24,115.0455
1618,control,25,114.9848
1618,control,26,115.197
1618,control,27,115.6212
1618,control,28,116.0758
1618,control,29,116.4091
1618,control,30,116.5455
1618,control,31,116.7273
1618,control,32,116.5303
1618,control,33,115.5909
1618,control,34,114.0606
1618,control,35,111.6212
1618,control,36,109.3939
1618,control,37,107.7879
1618,control,38,106.5758
1618,control,39,106.1667
1618,control,40,105.803
1618,control,41,104.4091
1618,control,42,102.4242
1618,control,43,100.1364
1618,control,44,98.0152
1618,control,45,95.1818
1618,control,46,91.8182
1618,control,47,88
1618,control,48,83.0455
1618,control,49,78.303
1618,control,50,75.3636
1618,control,51,72.6667
1618,control,52,69.4848
1618,control,53,66.1061
1618,control,54,63.5303
1618,control,55,61.9697
1618,control,56,59.8485
1618,control,57,56.8485
1618,control,58,53.5303
1619,control,0,58.2154
1619,control,1,59.1077
1619,control,2,61.6
1619,control,3,64.5077
1619,control,4,67.3231
1619,control,5,71.2308
1619,control,6,76.2308
1619,control,7,81.6
1619,control,8,85.0923
1619,control,9,87.8462
1619,control,10,91.6
1619,control,11,95.3846
1619,control,12,99.1538
1619,control,13,102.2308
1619,control,14,103.2308
1619,control,15,104.4769
1619,control,16,106.3538
1619,control,17,108.5385
1619,control,18,110.0154
1619,control,19,111.1385
1619,control,20,111.9846
1619,control,21,111.8462
1619,control,22,110.9692
1619,control,23,110.5077
1619,control,24,111.5077
1619,control,25,113.0769
1619,control,26,115.6308
1619,control,27,118.6308
1619,control,28,122.2462
1619,control,29,125.6
1619,control,30,127.0154
1619,control,31,126.0769
1619,control,32,123.4923
1619,control,33,120.2923
1619,control,34,116.6615
1619,control,35,114.4923
1619,control,36,113.8154
1619,control,37,113.5077
1619,control,38,113.0462
1619,control,39,112.8
1619,control,40,112.6615
1619,control,41,112.3385
1619,control,42,112.5231
1619,control,43,111.7846
1619,control,44,109.6308
1619,control,45,107.7231
1619,control,46,108.7385
1619,control,47,112
1619,control,48,112.9077
1619,control,49,109.2462
1619,control,50,103.4462
1619,control,51,98.3846
1619,control,52,94.2923
1619,control,53,91.4923
1619,control,54,91.1231
1619,control,55,91.2154
1619,control,56,90.6462
1619,control,57,89.4462
1619,control,58,86.0615
1619,control,59,81.7846
1619,control,60,76.9692
1619,control,61,72.1077
1619,control,62,68.2
1619,control,63,64.6923
1619,control,64,60.2923
1619,control,65,57.1538
1620,control,0,53.2462
1620,control,1,53.9538
1620,control,2,54.6154
1620,control,3,56.1538
1620,control,4,58.7077
1620,control,5,61.2462
1620,control,6,63.4615
1620,control,7,66.6154
1620,control,8,69.8154
1620,control,9,72.7846
1620,control,10,75.8462
1620,control,11,79.3077
1620,control,12,83.1846
1620,control,13,85.7077
1620,control,14,87.5077
1620,control,15,89.8154
1620,control,16,93.8154
1620,control,17,97.2462
1620,control,18,99.6923
1620,control,19,100.5077
1620,control,20,101.1385
1620,control,21,101.8154
1620,control,22,102.6154
1620,control,23,104.4308
1620,control,24,106.5231
1620,control,25,107.9692
1620,control,26,109.2308
1620,control,27,110.7385
1620,control,28,112.0769
1620,control,29,112.6769
1620,control,30,112.2769
1620,control,31,111.0462
1620,control,32,109.4
1620,control,33,108.3385
1620,control,34,107.6769
1620,control,35,106.7385
1620,control,36,105.4
1620,control,37,103.9692
1620,control,38,102.5231
1620,control,39,100.6
1620,control,40,98.5538
1620,control,41,97.4
1620,control,42,96.6923
1620,control,43,95.7846
1620,control,44,93.7846
1620,control,45,91.0769
1620,control,46,89.0923
1620,control,47,87.1231
1620,control,48,84.1846
1620,control,49,81.6
1620,control,50,79.4308
1620,control,51,77.0308
1620,control,52,73.8
1620,control,53,69.9692
1620,control,54,66.6
1620,control,55,64.1538
1620,control,56,60.9538
1620,control,57,58.1077
1620,control,58,55.5692
1620,control,59,53.8462
1620,control,60,51.9385
1620,control,61,49.8615
1620,control,62,48.3538
1620,control,63,46.1692
1620,control,64,44.5692
1621,control,0,39.4811
1621,control,1,40.6226
1621,control,2,41.9057
1621,control,3,43.5943
1621,control,4,45.4434
1621,control,5,47.3396
1621,control,6,49.4811
1621,control,7,51.8019
1621,control,8,53.8302
1621,control,9,55.4434
1621,control,10,56.9057
1621,control,11,58.3774
1621,control,12,59.8491
1621,control,13,61.3868
1621,control,14,63.1604
1621,control,15,64.9151
1621,control,16,66.8868
1621,control,17,68.5849
1621,control,18,70.4434
1621,control,19,72.2924
1621,control,20,74.0566
1621,control,21,76.0094
1621,control,22,77.8585
1621,control,23,79.7642
1621,control,24,81.7358
1621,control,25,83.6981
1621,control,26,85.6509
1621,control,27,87.3113
1621,control,28,88.7547
1621,control,29,89.9151
1621,control,30,90.566
1621,control,31,91.1132
1621,control,32,91.4811
1621,control,33,91.3774
1621,control,34,91.1321
1621,control,35,90.7453
1621,control,36,90.3113
1621,control,37,89.5849
1621,control,38,89
1621,control,39,88.3491
1621,control,40,87.7453
1621,control,41,87.0849
1621,control,42,86.4057
1621,control,43,85.1887
1621,control,44,83.7264
1621,control,45,82.283
1621,control,46,81.0566
1621,control,47,80
1621,control,48,78.7453
1621,control,49,77.6132
1621,control,50,76.3868
1621,control,51,75.1226
1621,control,52,73.4151
1621,control,53,71.7264
1621,control,54,69.8302
1621,control,55,67.7358
1621,control,56,66.1132
1621,control,57,64.6698
1621,control,58,63.1887
1621,control,59,61.5377
1621,control,60,59.5377
1621,control,61,57.3962
1621,control,62,54.7453
1621,control,63,51.6792
1621,control,64,48.283
1621,control,65,45.2453
1621,control,66,42.934
1621,control,67,40.9623
1621,control,68,39.2642
1621,control,69,37.8396
1621,control,70,36.5189
1621,control,71,35.2264
1621,control,72,33.9528
1622,control,0,61.4186
1622,control,1,62.2209
1622,control,2,63.1047
1622,control,3,64.1279
1622,control,4,65.3023
1622,control,5,66.8953
1622,control,6,68.3023
1622,control,7,72.1628
1622,control,8,78.3953
1622,control,9,82.4419
1622,control,10,84.3023
1622,control,11,86.5814
1622,control,12,89.7674
1622,control,13,91.0233
1622,control,14,90.4767
1622,control,15,90.5116
1622,control,16,92.1047
1622,control,17,93.1279
1622,control,18,93.2558
1622,control,19,92.9302
1622,control,20,92.9419
1622,control,21,94.6163
1622,control,22,97.7558
1622,control,23,100.2907
1622,control,24,101.4419
1622,control,25,103.0349
1622,control,26,103.9884
1622,control,27,103.593
1622,control,28,103.8372
1622,control,29,104.1279
1622,control,30,104.0698
1622,control,31,104.3837
1622,control,32,105.1047
1622,control,33,105.7442
1622,control,34,105.1163
1622,control,35,103.9767
1622,control,36,102.7558
1622,control,37,102.407
1622,control,38,102.5581
1622,control,39,102.3488
1622,control,40,102.6395
1622,control,41,103.1977
1622,control,42,103.2209
1622,control,43,102.2791
1622,control,44,100.2209
1622,control,45,99.0581
1622,control,46,98.6279
1622,control,47,97.9419
1622,control,48,97.4419
1622,control,49,94.8372
1622,control,50,91.314
1622,control,51,88.686
1622,control,52,86.8372
1622,control,53,86.5814
1622,control,54,87.4884
1622,control,55,88.2558
1622,control,56,90.7674
1622,control,57,93.2791
1622,control,58,92.9302
1622,control,59,89.8721
1622,control,60,84.2674
1622,control,61,77.3256
1622,control,62,69.7442
1622,control,63,63.1047
1622,control,64,57.8721
1622,control,65,55.7093
1623,control,0,24.3654
1623,control,1,25.7885
1623,control,2,28.6346
1623,control,3,32.8462
1623,control,4,37.0192
1623,control,5,40.8462
1623,control,6,45.5962
1623,control,7,52.2115
1623,control,8,59.9808
1623,control,9,67.3269
1623,control,10,73.3462
1623,control,11,78.3269
1623,control,12,82.0385
1623,control,13,84.8462
1623,control,14,87.5385
1623,control,15,89.9615
1623,control,16,93.0962
1623,control,17,97.1538
1623,control,18,100.4808
1623,control,19,102.4423
1623,control,20,104.1154
1623,control,21,105.5962
1623,control,22,105.8462
1623,control,23,106.0192
1623,control,24,106.6346
1623,control,25,108.1346
1623,control,26,110.7692
1623,control,27,112.9615
1623,control,28,113.1154
1623,control,29,111.3846
1623,control,30,108.0577
1623,control,31,104.1731
1623,control,32,100.4808
1623,control,33,98.5962
1623,control,34,97.0192
1623,control,35,96.3269
1623,control,36,97.2115
1623,control,37,97
1623,control,38,94.9038
1623,control,39,88.3846
1623,control,40,78.3077
1623,control,41,71.4038
1623,control,42,66.9615
1623,control,43,62.5769
1623,control,44,58.5769
1623,control,45,54.8462
1623,control,46,51.6154
1623,control,47,48.6731
1623,control,48,45.2692
1623,control,49,42.7885
1623,control,50,40.9038
1623,control,51,38.2692
1624,control,0,28.6923
1624,control,1,32.4038
1624,control,2,37.3462
1624,control,3,42.2692
1624,control,4,47.9038
1624,control,5,54.25
1624,control,6,59.8077
1624,control,7,60.5577
1624,control,8,61
1624,control,9,66.2115
1624,control,10,71.7692
1624,control,11,75.6538
1624,control,12,78.5385
1624,control,13,83.5385
1624,control,14,91.3269
1624,control,15,98.4615
1624,control,16,101.4038
1624,control,17,102.75
1624,control,18,104.0385
1624,control,19,102.6154
1624,control,20,100.2885
1624,control,21,99.6154
1624,control,22,99.3462
1624,control,23,99.6923
1624,control,24,100.8077
1624,control,25,102.1346
1624,control,26,102.5385
1624,control,27,102.1346
1624,control,28,102.8654
1624,control,29,102.8077
1624,control,30,100.6731
1624,control,31,98.0769
1624,control,32,97.5769
1624,control,33,97.5385
1624,control,34,95.4231
1624,control,35,91.8269
1624,control,36,87.9808
1624,control,37,85.3846
1624,control,38,82.8462
1624,control,39,80.1731
1624,control,40,76.8077
1624,control,41,71.2692
1624,control,42,63.4615
1624,control,43,56.7692
1624,control,44,53.0192
1624,control,45,49.6538
1624,control,46,46.6538
1624,control,47,43.8462
1624,control,48,41.2692
1624,control,49,38.7115
1624,control,50,35.7692
1624,control,51,33.0577
1624,control,52,30.2308
1625,control,0,44.6944
1625,control,1,46.2778
1625,control,2,48.8472
1625,control,3,52.125
1625,control,4,55.3472
1625,control,5,57.9028
1625,control,6,60.7222
1625,control,7,64.2361
1625,control,8,68.25
1625,control,9,72.3889
1625,control,10,76.3889
1625,control,11,79.75
1625,control,12,82.5139
1625,control,13,84.5
1625,control,14,84.8472
1625,control,15,85.3056
1625,control,16,86.8194
1625,control,17,89.2083
1625,control,18,92.9444
1625,control,19,97.7083
1625,control,20,101.4861
1625,control,21,103.4444
1625,control,22,103.8889
1625,control,23,103.25
1625,control,24,102.5278
1625,control,25,102.0972
1625,control,26,102.3472
1625,control,27,102.8056
1625,control,28,103.2222
1625,control,29,103.7083
1625,control,30,103.7917
1625,control,31,103.5972
1625,control,32,103.0833
1625,control,33,102.8472
1625,control,34,102.625
1625,control,35,102.3472
1625,control,36,101.0139
1625,control,37,98.6528
1625,control,38,97.0694
1625,control,39,95.0972
1625,control,40,92.375
1625,control,41,90.1944
1625,control,42,88.4722
1625,control,43,87.9028
1625,control,44,86.5833
1625,control,45,84.2083
1625,control,46,80.5556
1625,control,47,76.6111
1625,control,48,71.5833
1625,control,49,65.6111
1625,control,50,60.6944
1625,control,51,57.5694
1625,control,52,56.25
1625,control,53,56.6944
1625,control,54,57
1625,control,55,55.5278
1625,control,56,53.0694
1625,control,57,50.9444
1625,control,58,49.5139
1625,control,59,48.6111
1625,control,60,48.0833
1625,control,61,48
1626,control,0,47.4839
1626,control,1,48.7097
1626,control,2,50.4839
1626,control,3,52.3548
1626,control,4,55.5806
1626,control,5,60.4194
1626,control,6,66.7258
1626,control,7,72.8871
1626,control,8,78.1774
1626,control,9,82.2258
1626,control,10,85.7097
1626,control,11,88.9032
1626,control,12,90.129
1626,control,13,90.4839
1626,control,14,93.2903
1626,control,15,95.7581
1626,control,16,97.0484
1626,control,17,98.7419
1626,control,18,100.0968
1626,control,19,102.5645
1626,control,20,104.2903
1626,control,21,105.129
1626,control,22,106.3226
1626,control,23,107.6452
1626,control,24,109.3387
1626,control,25,110.1774
1626,control,26,110.7097
1626,control,27,110.9839
1626,control,28,110.8387
1626,control,29,111.1452
1626,control,30,111.4032
1626,control,31,110.9839
1626,control,32,110.3387
1626,control,33,109.2903
1626,control,34,108.4032
1626,control,35,106.8064
1626,control,36,105.8387
1626,control,37,105.629
1626,control,38,105.0161
1626,control,39,103.5161
1626,control,40,101.9355
1626,control,41,98
1626,control,42,96.1129
1626,control,43,93.6452
1626,control,44,89.7258
1626,control,45,84.7742
1626,control,46,81.0968
1626,control,47,80.0484
1626,control,48,78.6613
1626,control,49,75.0645
1626,control,50,71.4839
1626,control,51,68.9677
1626,control,52,66.129
1626,control,53,62.0323
1626,control,54,56.5806
1626,control,55,50.5645
1626,control,56,45.4516
1626,control,57,40.0161
1626,control,58,37.3387
1626,control,59,35.3387
1627,control,0,49.56
1627,control,1,51.4
1627,control,2,54.2667
1627,control,3,57.0133
1627,control,4,59.6667
1627,control,5,62.0933
1627,control,6,64.1467
1627,control,7,66.7467
1627,control,8,70.96
1627,control,9,75.8933
1627,control,10,78.8133
1627,control,11,80.6133
1627,control,12,82.2
1627,control,13,85.0533
1627,control,14,88.4933
1627,control,15,91.84
1627,control,16,95.6667
1627,control,17,99.92
1627,control,18,103.5467
1627,control,19,105.48
1627,control,20,105.76
1627,control,21,105.72
1627,control,22,105.2
1627,control,23,105.5067
1627,control,24,106.3067
1627,control,25,106.6133
1627,control,26,107.0267
1627,control,27,107.8133
1627,control,28,108.5867
1627,control,29,108.8133
1627,control,30,109.32
1627,control,31,110.2133
1627,control,32,111.1733
1627,control,33,111.3467
1627,control,34,111.08
1627,control,35,110.7867
1627,control,36,110.68
1627,control,37,110.92
1627,control,38,110.8267
1627,control,39,110.44
1627,control,40,110.04
1627,control,41,110.0133
1627,control,42,109.3467
1627,control,43,108.3733
1627,control,44,107.4267
1627,control,45,107
1627,control,46,106.3867
1627,control,47,105.5333
1627,control,48,104.08
1627,control,49,102.4
1627,control,50,101.08
1627,control,51,100.0933
1627,control,52,99.3867
1627,control,53,96.5467
1627,control,54,93.8667
1627,control,55,92.1067
1627,control,56,90.6267
1627,control,57,88.3067
1627,control,58,87.9467
1627,control,59,87.4933
1627,control,60,85.6267
1627,control,61,83.5333
1627,control,62,81
1627,control,63,77.92
1627,control,64,76.8533
1627,control,65,73.5733
1627,control,66,69.9733
1627,control,67,68.8
1627,control,68,69.04
1627,control,69,68.1333
1627,control,70,67.0933
1627,control,71,65.1467
1628,control,0,34.2812
1628,control,1,35.1458
1628,control,2,36.3646
1628,control,3,38.1562
1628,control,4,40.4271
1628,control,5,43.0625
1628,control,6,45.4688
1628,control,7,47.1042
1628,control,8,49.0312
1628,control,9,53.9479
1628,control,10,60.5833
1628,control,11,66.0521
1628,control,12,70.7188
1628,control,13,74.3542
1628,control,14,76.9792
1628,control,15,79.9375
1628,control,16,82.6875
1628,control,17,84.7083
1628,control,18,85.5521
1628,control,19,85.6771
1628,control,20,85.6667
1628,control,21,85.4896
1628,control,22,85.0729
1628,control,23,84.3854
1628,control,24,84.0833
1628,control,25,84.0208
1628,control,26,83.8958
1628,control,27,84.25
1628,control,28,84.625
1628,control,29,84.9375
1628,control,30,85.1146
1628,control,31,85.3229
1628,control,32,85.4688
1628,control,33,85.0521
1628,control,34,84.0312
1628,control,35,83.0729
1628,control,36,82.0625
1628,control,37,81
1628,control,38,80
1628,control,39,78.9062
1628,control,40,76.6042
1628,control,41,72.7917
1628,control,42,69.9375
1628,control,43,68.5417
1628,control,44,66.6354
1628,control,45,61.4792
1628,control,46,54.5
1628,control,47,48.2396
1628,control,48,45.1667
1628,control,49,44.3229
1628,control,50,43.8542
1630,bacteria,0,53
1630,bacteria,1,53.5347
1630,bacteria,2,55.1485
1630,bacteria,3,58.6733
1630,bacteria,4,61.0396
1630,bacteria,5,63.297
1630,bacteria,6,65.4257
1630,bacteria,7,68.1386
1630,bacteria,8,70.6238
1630,bacteria,9,72.3762
1630,bacteria,10,73.6238
1630,bacteria,11,74.2772
1630,bacteria,12,75.6931
1630,bacteria,13,77.7723
1630,bacteria,14,78.6634
1630,bacteria,15,80.198
1630,bacteria,16,83.9406
1630,bacteria,17,87.4158
1630,bacteria,18,89
1630,bacteria,19,90.1584
1630,bacteria,20,91.7129
1630,bacteria,21,94.3663
1630,bacteria,22,95.5842
1630,bacteria,23,96.099
1630,bacteria,24,96.6733
1630,bacteria,25,97.5644
1630,bacteria,26,98.0297
1630,bacteria,27,98.4158
1630,bacteria,28,99.0792
1630,bacteria,29,100.1683
1630,bacteria,30,101.3069
1630,bacteria,31,102.3663
1630,bacteria,32,103.0891
1630,bacteria,33,103.2376
1630,bacteria,34,103.1287
1630,bacteria,35,102.802
1630,bacteria,36,102.2673
1630,bacteria,37,101.7921
1630,bacteria,38,101.7723
1630,bacteria,39,101.7723
1630,bacteria,40,101.2871
1630,bacteria,41,100.396
1630,bacteria,42,99.505
1630,bacteria,43,98.6931
1630,bacteria,44,97.0297
1630,bacteria,45,95.5446
1630,bacteria,46,94.3663
1630,bacteria,47,93.0792
1630,bacteria,48,92.1683
1630,bacteria,49,91.2277
1630,bacteria,50,89.8812
1630,bacteria,51,88.8317
1630,bacteria,52,87.495
1630,bacteria,53,85.8812
1630,bacteria,54,84.4356
1630,bacteria,55,83.198
1630,bacteria,56,82.396
1630,bacteria,57,80.0495
1630,bacteria,58,76.6238
1630,bacteria,59,72.7723
1630,bacteria,60,68.1584
1630,bacteria,61,63.396
1630,bacteria,62,60.505
1630,bacteria,63,57.8416
1630,bacteria,64,56.1683
1630,bacteria,65,54.604
1630,bacteria,66,53.5545
1630,bacteria,67,52.5743
1630,bacteria,68,51.4257
1630,bacteria,69,50.2871
1631,bacteria,0,52.6447
1631,bacteria,1,54.4474
1631,bacteria,2,56.1447
1631,bacteria,3,56.9737
1631,bacteria,4,58.1316
1631,bacteria,5,59.9211
1631,bacteria,6,60.4737
1631,bacteria,7,61.4605
1631,bacteria,8,62.8684
1631,bacteria,9,65
1631,bacteria,10,69.0263
1631,bacteria,11,73.5263
1631,bacteria,12,76.9474
1631,bacteria,13,79.1711
1631,bacteria,14,80.9605
1631,bacteria,15,83.75
1631,bacteria,16,88.6974
1631,bacteria,17,94.75
1631,bacteria,18,98.8026
1631,bacteria,19,101.4342
1631,bacteria,20,104.2105
1631,bacteria,21,105.9079
1631,bacteria,22,106.0132
1631,bacteria,23,105.8026
1631,bacteria,24,105.8553
1631,bacteria,25,106.2105
1631,bacteria,26,106.4868
1631,bacteria,27,106.8684
1631,bacteria,28,107.7895
1631,bacteria,29,108.3947
1631,bacteria,30,108.7895
1631,bacteria,31,109.4868
1631,bacteria,32,109.6316
1631,bacteria,33,109.1974
1631,bacteria,34,109.0658
1631,bacteria,35,108.7763
1631,bacteria,36,108.1579
1631,bacteria,37,107.8421
1631,bacteria,38,107.25
1631,bacteria,39,105.9605
1631,bacteria,40,104.8158
1631,bacteria,41,103.6974
1631,bacteria,42,102.1974
1631,bacteria,43,101.1447
1631,bacteria,44,100.25
1631,bacteria,45,98.9079
1631,bacteria,46,97.4211
1631,bacteria,47,96.4079
1631,bacteria,48,95.3684
1631,bacteria,49,95.0263
1631,bacteria,50,96.9474
1631,bacteria,51,98.7368
1631,bacteria,52,96.5789
1631,bacteria,53,89.6842
1631,bacteria,54,80.0526
1631,bacteria,55,71.2368
1631,bacteria,56,64.3289
1631,bacteria,57,58.1447
1631,bacteria,58,53.8158
1633,bacteria,0,50.5658
1633,bacteria,1,51.6579
1633,bacteria,2,52.9079
1633,bacteria,3,54.4605
1633,bacteria,4,56.3421
1633,bacteria,5,58.0526
1633,bacteria,6,60.6579
1633,bacteria,7,64.2632
1633,bacteria,8,69.0526
1633,bacteria,9,73.9868
1633,bacteria,10,77.6447
1633,bacteria,11,80.3816
1633,bacteria,12,82.7763
1633,bacteria,13,84.8816
1633,bacteria,14,87.9211
1633,bacteria,15,90.6447
1633,bacteria,16,91.4079
1633,bacteria,17,90.8947
1633,bacteria,18,91.1184
1633,bacteria,19,93.7368
1633,bacteria,20,97.5263
1633,bacteria,21,101.1447
1633,bacteria,22,103.5
1633,bacteria,23,104.4868
1633,bacteria,24,104.9211
1633,bacteria,25,105.1447
1633,bacteria,26,104.9737
1633,bacteria,27,104.4605
1633,bacteria,28,104.3158
1633,bacteria,29,105.0658
1633,bacteria,30,105.3816
1633,bacteria,31,104.5921
1633,bacteria,32,103.7632
1633,bacteria,33,103.7368
1633,bacteria,34,104.2632
1633,bacteria,35,104.5921
1633,bacteria,36,104.6316
1633,bacteria,37,104.3421
1633,bacteria,38,103.5263
1633,bacteria,39,102.3026
1633,bacteria,40,100.7368
1633,bacteria,41,99.3026
1633,bacteria,42,98.2895
1633,bacteria,43,96.6447
1633,bacteria,44,94.9868
1633,bacteria,45,94.5921
1633,bacteria,46,95.2105
1633,bacteria,47,94.6579
1633,bacteria,48,92.9474
1633,bacteria,49,89.9474
1633,bacteria,50,86
1633,bacteria,51,82.6579
1633,bacteria,52,80.2105
1633,bacteria,53,78.4342
1633,bacteria,54,77.0526
1633,bacteria,55,75.2368
1633,bacteria,56,72.2237
1633,bacteria,57,67.2895
1633,bacteria,58,60.6316
1633,bacteria,59,54.8421
1633,bacteria,60,51.1842
1633,bacteria,61,49.4868
1634,bacteria,0,48.8077
1634,bacteria,1,53.1538
1634,bacteria,2,55.4103
1634,bacteria,3,56.5769
1634,bacteria,4,56.5128
1634,bacteria,5,57.3077
1634,bacteria,6,60.6795
1634,bacteria,7,64.2564
1634,bacteria,8,67.2051
1634,bacteria,9,71.2821
1634,bacteria,10,75.3846
1634,bacteria,11,77.4103
1634,bacteria,12,78.5513
1634,bacteria,13,79.6667
1634,bacteria,14,82.0897
1634,bacteria,15,84.141
1634,bacteria,16,85.5256
1634,bacteria,17,88.2308
1634,bacteria,18,91.5256
1634,bacteria,19,94.3462
1634,bacteria,20,96.2564
1634,bacteria,21,96.6795
1634,bacteria,22,96.3205
1634,bacteria,23,96
1634,bacteria,24,96.5256
1634,bacteria,25,97.0256
1634,bacteria,26,96.9487
1634,bacteria,27,96.8205
1634,bacteria,28,96.6154
1634,bacteria,29,96.9359
1634,bacteria,30,97.1026
1634,bacteria,31,96.4872
1634,bacteria,32,95.7179
1634,bacteria,33,94.5641
1634,bacteria,34,94.1923
1634,bacteria,35,95.0385
1634,bacteria,36,95.7436
1634,bacteria,37,95.2564
1634,bacteria,38,94.0641
1634,bacteria,39,92.8462
1634,bacteria,40,91.6282
1634,bacteria,41,91.3974
1634,bacteria,42,92.2308
1634,bacteria,43,92.8974
1634,bacteria,44,92.3718
1634,bacteria,45,90.4615
1634,bacteria,46,88.2051
1634,bacteria,47,86.0769
1634,bacteria,48,83.5385
1634,bacteria,49,79.5128
1634,bacteria,50,74.1282
1634,bacteria,51,68.5641
1634,bacteria,52,62.3077
1634,bacteria,53,55.859
1634,bacteria,54,51.2179
1634,bacteria,55,47.4231
1634,bacteria,56,44.2179
1634,bacteria,57,42.2949
1634,bacteria,58,40.859
1635,bacteria,0,42.2222
1635,bacteria,1,43.6667
1635,bacteria,2,45.1605
1635,bacteria,3,46.321
1635,bacteria,4,47.5556
1635,bacteria,5,49.2593
1635,bacteria,6,51.1235
1635,bacteria,7,53.2099
1635,bacteria,8,55.4074
1635,bacteria,9,57.1481
1635,bacteria,10,58.8395
1635,bacteria,11,60.963
1635,bacteria,12,63.0247
1635,bacteria,13,63.963
1635,bacteria,14,63.7037
1635,bacteria,15,63.9506
1635,bacteria,16,65.3704
1635,bacteria,17,67.8025
1635,bacteria,18,72.8519
1635,bacteria,19,79.1481
1635,bacteria,20,83.9136
1635,bacteria,21,86.6914
1635,bacteria,22,87.8272
1635,bacteria,23,89.1852
1635,bacteria,24,90.5062
1635,bacteria,25,90.9383
1635,bacteria,26,90.6296
1635,bacteria,27,91.0247
1635,bacteria,28,92.8272
1635,bacteria,29,94.8272
1635,bacteria,30,96.0247
1635,bacteria,31,96.7407
1635,bacteria,32,96.7778
1635,bacteria,33,96.6667
1635,bacteria,34,96.7284
1635,bacteria,35,96.7037
1635,bacteria,36,96.5556
1635,bacteria,37,97.1852
1635,bacteria,38,98.2716
1635,bacteria,39,98.6296
1635,bacteria,40,97.4074
1635,bacteria,41,96.1358
1635,bacteria,42,96.3086
1635,bacteria,43,96.8519
1635,bacteria,44,96.8395
1635,bacteria,45,96.679
1635,bacteria,46,95.7037
1635,bacteria,47,93.5926
1635,bacteria,48,91.2469
1635,bacteria,49,88.6296
1635,bacteria,50,86.5185
1635,bacteria,51,85.321
1635,bacteria,52,85.3457
1635,bacteria,53,85.2099
1635,bacteria,54,83.8272
1635,bacteria,55,82.3704
1635,bacteria,56,79.8519
1635,bacteria,57,76.963
1635,bacteria,58,74.1728
1635,bacteria,59,71.2593
1635,bacteria,60,68.2716
1635,bacteria,61,65.2963
1635,bacteria,62,62.2963
1635,bacteria,63,60.5309
1635,bacteria,64,59.1605
1635,bacteria,65,57.4815
1635,bacteria,66,55.0741
1635,bacteria,67,51.3704
1635,bacteria,68,47.1605
1635,bacteria,69,44.5062
1636,bacteria,0,58.2113
1636,bacteria,1,60.0563
1636,bacteria,2,62.3099
1636,bacteria,3,65.1972
1636,bacteria,4,68.4789
1636,bacteria,5,71.338
1636,bacteria,6,74
1636,bacteria,7,77.7183
1636,bacteria,8,81.3099
1636,bacteria,9,84.7887
1636,bacteria,10,87.8732
1636,bacteria,11,91.0423
1636,bacteria,12,93.831
1636,bacteria,13,95.7324
1636,bacteria,14,97.6056
1636,bacteria,15,100.7042
1636,bacteria,16,104.3521
1636,bacteria,17,107.2535
1636,bacteria,18,108.8732
1636,bacteria,19,109.2535
1636,bacteria,20,110.3944
1636,bacteria,21,111.8451
1636,bacteria,22,113.2676
1636,bacteria,23,114.662
1636,bacteria,24,115.8028
1636,bacteria,25,115.7324
1636,bacteria,26,114.9718
1636,bacteria,27,114.6901
1636,bacteria,28,114.9296
1636,bacteria,29,115.1408
1636,bacteria,30,115.4084
1636,bacteria,31,115.7747
1636,bacteria,32,115.2535
1636,bacteria,33,114.3944
1636,bacteria,34,114.3239
1636,bacteria,35,114.3662
1636,bacteria,36,113.6901
1636,bacteria,37,112.4789
1636,bacteria,38,111.1549
1636,bacteria,39,109.4084
1636,bacteria,40,107.3099
1636,bacteria,41,103.6761
1636,bacteria,42,100.169
1636,bacteria,43,98.3239
1636,bacteria,44,97.8028
1636,bacteria,45,97.6056
1636,bacteria,46,96.5211
1636,bacteria,47,94.4789
1636,bacteria,48,92.6761
1636,bacteria,49,90.4789
1636,bacteria,50,86.0563
1636,bacteria,51,80.3099
1636,bacteria,52,74.9296
1636,bacteria,53,69.493
1636,bacteria,54,63.7606
1636,bacteria,55,58.5634
1636,bacteria,56,55.9296
1636,bacteria,57,55.1549
1636,bacteria,58,54.3239
1637,bacteria,0,43.08
1637,bacteria,1,46.2533
1637,bacteria,2,49.8133
1637,bacteria,3,54.3067
1637,bacteria,4,59.72
1637,bacteria,5,64.24
1637,bacteria,6,66.4933
1637,bacteria,7,67.4533
1637,bacteria,8,68.9733
1637,bacteria,9,70.6
1637,bacteria,10,72.36
1637,bacteria,11,74.1733
1637,bacteria,12,76.0133
1637,bacteria,13,77.44
1637,bacteria,14,78.8133
1637,bacteria,15,80.8933
1637,bacteria,16,84.28
1637,bacteria,17,87.9467
1637,bacteria,18,91.1067
1637,bacteria,19,93.2
1637,bacteria,20,95.4933
1637,bacteria,21,97.9867
1637,bacteria,22,99.4267
1637,bacteria,23,100.2933
1637,bacteria,24,100.4933
1637,bacteria,25,100.2133
1637,bacteria,26,99.7333
1637,bacteria,27,99.24
1637,bacteria,28,99.4667
1637,bacteria,29,99.8
1637,bacteria,30,99.5067
1637,bacteria,31,99.1067
1637,bacteria,32,98.36
1637,bacteria,33,97.4
1637,bacteria,34,95.72
1637,bacteria,35,92.6267
1637,bacteria,36,88.16
1637,bacteria,37,83.9467
1637,bacteria,38,80.2
1637,bacteria,39,76.48
1637,bacteria,40,71.88
1637,bacteria,41,67.68
1637,bacteria,42,64
1637,bacteria,43,60.2133
1637,bacteria,44,56.5333
1637,bacteria,45,52.64
1637,bacteria,46,49.4933
1637,bacteria,47,47.6133
1637,bacteria,48,46.08
1637,bacteria,49,44.8133
1637,bacteria,50,43.48
1638,bacteria,0,54.4578
1638,bacteria,1,57.3373
1638,bacteria,2,60.3976
1638,bacteria,3,63.0964
1638,bacteria,4,65.4217
1638,bacteria,5,67.8434
1638,bacteria,6,70.8072
1638,bacteria,7,74.2048
1638,bacteria,8,77.8072
1638,bacteria,9,82.9518
1638,bacteria,10,87.1325
1638,bacteria,11,89.2892
1638,bacteria,12,90.3976
1638,bacteria,13,90
1638,bacteria,14,88.8916
1638,bacteria,15,88.5904
1638,bacteria,16,89.0843
1638,bacteria,17,90.0723
1638,bacteria,18,91.6627
1638,bacteria,19,93.9277
1638,bacteria,20,96.3735
1638,bacteria,21,97.5783
1638,bacteria,22,98.747
1638,bacteria,23,101.241
1638,bacteria,24,103.4578
1638,bacteria,25,103.7349
1638,bacteria,26,103.4337
1638,bacteria,27,103.1446
1638,bacteria,28,102.6024
1638,bacteria,29,101.7952
1638,bacteria,30,101.1446
1638,bacteria,31,100.6747
1638,bacteria,32,100.2169
1638,bacteria,33,99.9639
1638,bacteria,34,100.2771
1638,bacteria,35,100.8795
1638,bacteria,36,101.0361
1638,bacteria,37,100.2048
1638,bacteria,38,98.5181
1638,bacteria,39,97.1084
1638,bacteria,40,96.6265
1638,bacteria,41,96.012
1638,bacteria,42,95.241
1638,bacteria,43,94.253
1638,bacteria,44,93.0602
1638,bacteria,45,91.5904
1638,bacteria,46,89.0482
1638,bacteria,47,87.0602
1638,bacteria,48,84.9518
1638,bacteria,49,80.1928
1638,bacteria,50,74.8313
1638,bacteria,51,71.3253
1638,bacteria,52,67.253
1638,bacteria,53,64.1325
1638,bacteria,54,62.1084
1638,bacteria,55,60.2892
1638,bacteria,56,58.4217
1638,bacteria,57,55.8434
1638,bacteria,58,53.2169
1638,bacteria,59,51.3373
1639,bacteria,0,63.6053
1639,bacteria,1,66.6579
1639,bacteria,2,69.5395
1639,bacteria,3,72.9211
1639,bacteria,4,74.5658
1639,bacteria,5,73.1711
1639,bacteria,6,72.1711
1639,bacteria,7,72.4474
1639,bacteria,8,73.3289
1639,bacteria,9,76.3289
1639,bacteria,10,83.9079
1639,bacteria,11,91.1053
1639,bacteria,12,94.6711
1639,bacteria,13,94.3421
1639,bacteria,14,93.5921
1639,bacteria,15,92.4079
1639,bacteria,16,90.4211
1639,bacteria,17,89.0526
1639,bacteria,18,88.9211
1639,bacteria,19,91.9342
1639,bacteria,20,97.5789
1639,bacteria,21,102.9474
1639,bacteria,22,104.2368
1639,bacteria,23,101.8947
1639,bacteria,24,98.8684
1639,bacteria,25,98
1639,bacteria,26,99.1184
1639,bacteria,27,99.8289
1639,bacteria,28,101.1053
1639,bacteria,29,103.4605
1639,bacteria,30,105.4211
1639,bacteria,31,106.4211
1639,bacteria,32,106.3289
1639,bacteria,33,105.1316
1639,bacteria,34,104.2763
1639,bacteria,35,104.2105
1639,bacteria,36,103.5
1639,bacteria,37,102.9079
1639,bacteria,38,103.9605
1639,bacteria,39,105.0921
1639,bacteria,40,104.8553
1639,bacteria,41,103.6184
1639,bacteria,42,103.1184
1639,bacteria,43,102.3553
1639,bacteria,44,96.9605
1639,bacteria,45,87.5789
1639,bacteria,46,79.9211
1639,bacteria,47,77.3553
1639,bacteria,48,77.4079
1639,bacteria,49,77.8816
1639,bacteria,50,78.2895
1639,bacteria,51,78.7237
1639,bacteria,52,78.0921
1639,bacteria,53,75.5132
1639,bacteria,54,73.1974
1639,bacteria,55,71.1842
1639,bacteria,56,67.3421
1639,bacteria,57,63.1711
1639,bacteria,58,60.1053
1642,bacteria,0,55.8675
1642,bacteria,1,57.2892
1642,bacteria,2,60.1325
1642,bacteria,3,64.3012
1642,bacteria,4,67.9277
1642,bacteria,5,70.3735
1642,bacteria,6,73
1642,bacteria,7,76.241
1642,bacteria,8,78.8072
1642,bacteria,9,80.4217
1642,bacteria,10,81.6747
1642,bacteria,11,82.8072
1642,bacteria,12,84.2048
1642,bacteria,13,85.8434
1642,bacteria,14,87
1642,bacteria,15,88.3735
1642,bacteria,16,90.0843
1642,bacteria,17,91.6145
1642,bacteria,18,93.0241
1642,bacteria,19,94.2892
1642,bacteria,20,95.5783
1642,bacteria,21,97.0482
1642,bacteria,22,98.5422
1642,bacteria,23,99.8795
1642,bacteria,24,100.6747
1642,bacteria,25,101.5301
1642,bacteria,26,102.506
1642,bacteria,27,103.4217
1642,bacteria,28,103.7349
1642,bacteria,29,104.0482
1642,bacteria,30,104.0964
1642,bacteria,31,104.0602
1642,bacteria,32,103.5542
1642,bacteria,33,103.3494
1642,bacteria,34,103.4578
1642,bacteria,35,103.6506
1642,bacteria,36,104.0482
1642,bacteria,37,104.4096
1642,bacteria,38,104.2771
1642,bacteria,39,104.2289
1642,bacteria,40,104.0723
1642,bacteria,41,103.7349
1642,bacteria,42,103.4699
1642,bacteria,43,103.2048
1642,bacteria,44,102.5663
1642,bacteria,45,101.5904
1642,bacteria,46,100
1642,bacteria,47,98.6506
1642,bacteria,48,97.4819
1642,bacteria,49,96.3373
1642,bacteria,50,95.0964
1642,bacteria,51,93.6627
1642,bacteria,52,92.3855
1642,bacteria,53,90.6024
1642,bacteria,54,87.747
1642,bacteria,55,83.7711
1642,bacteria,56,79.7349
1642,bacteria,57,76.7229
1642,bacteria,58,74.1807
1642,bacteria,59,72
1642,bacteria,60,69.253
1642,bacteria,61,66.2651
1642,bacteria,62,63.4337
1642,bacteria,63,61.2169
1642,bacteria,64,59.7711
1642,bacteria,65,58.2892
1642,bacteria,66,56.4699
1642,bacteria,67,54.6747
1642,bacteria,68,53.3012
1643,bacteria,0,43.3053
1643,bacteria,1,44.8316
1643,bacteria,2,46.2737
1643,bacteria,3,48.1474
1643,bacteria,4,50.5579
1643,bacteria,5,53.5895
1643,bacteria,6,57.2842
1643,bacteria,7,60.7895
1643,bacteria,8,63.4421
1643,bacteria,9,65.7895
1643,bacteria,10,69.0421
1643,bacteria,11,72.6526
1643,bacteria,12,75.8316
1643,bacteria,13,78.2105
1643,bacteria,14,80.7263
1643,bacteria,15,83.7263
1643,bacteria,16,86.4421
1643,bacteria,17,88.5579
1643,bacteria,18,90.7263
1643,bacteria,19,92.7158
1643,bacteria,20,94.8
1643,bacteria,21,97.4
1643,bacteria,22,100.1474
1643,bacteria,23,102.6316
1643,bacteria,24,104.7263
1643,bacteria,25,106.3368
1643,bacteria,26,107.3053
1643,bacteria,27,107.7368
1643,bacteria,28,108.0316
1643,bacteria,29,108.0316
1643,bacteria,30,108.2421
1643,bacteria,31,108.2632
1643,bacteria,32,108.021
1643,bacteria,33,107.6526
1643,bacteria,34,107.5895
1643,bacteria,35,107.6211
1643,bacteria,36,107.8
1643,bacteria,37,108.3053
1643,bacteria,38,108.7368
1643,bacteria,39,108.4632
1643,bacteria,40,108.2526
1643,bacteria,41,108.6737
1643,bacteria,42,109.3158
1643,bacteria,43,109.7579
1643,bacteria,44,109.3895
1643,bacteria,45,109.1579
1643,bacteria,46,108.0947
1643,bacteria,47,106.0421
1643,bacteria,48,104.6105
1643,bacteria,49,103.5053
1643,bacteria,50,102.5474
1643,bacteria,51,101.9579
1643,bacteria,52,101.6842
1643,bacteria,53,100.8842
1643,bacteria,54,98.9895
1643,bacteria,55,96.0632
1643,bacteria,56,92.4842
1643,bacteria,57,89.2526
1643,bacteria,58,86.2105
1643,bacteria,59,82.7895
1643,bacteria,60,79.5263
1643,bacteria,61,76.2632
1643,bacteria,62,74.2632
1643,bacteria,63,72.8947
1643,bacteria,64,70.8421
1643,bacteria,65,67.8947
1643,bacteria,66,62.9789
1643,bacteria,67,57.2421
1643,bacteria,68,53.3053
1643,bacteria,69,51.7789
1644,bacteria,0,46.5513
1644,bacteria,1,48.1282
1644,bacteria,2,50.7308
1644,bacteria,3,54.1923
1644,bacteria,4,57.9103
1644,bacteria,5,61.859
1644,bacteria,6,65.4744
1644,bacteria,7,69.0128
1644,bacteria,8,73.7821
1644,bacteria,9,79.1538
1644,bacteria,10,83.6026
1644,bacteria,11,86.4487
1644,bacteria,12,89.141
1644,bacteria,13,91.6026
1644,bacteria,14,93.5256
1644,bacteria,15,95.2949
1644,bacteria,16,96.7564
1644,bacteria,17,99.0513
1644,bacteria,18,102.5
1644,bacteria,19,105.3462
1644,bacteria,20,106.5
1644,bacteria,21,107.6026
1644,bacteria,22,108.6795
1644,bacteria,23,109.6282
1644,bacteria,24,110.2564
1644,bacteria,25,110.5385
1644,bacteria,26,110.1538
1644,bacteria,27,109.4231
1644,bacteria,28,108.9103
1644,bacteria,29,107.4615
1644,bacteria,30,105.8205
1644,bacteria,31,104.6795
1644,bacteria,32,104.1795
1644,bacteria,33,103.7308
1644,bacteria,34,103.0128
1644,bacteria,35,102.0769
1644,bacteria,36,100.7564
1644,bacteria,37,99.7436
1644,bacteria,38,97.5513
1644,bacteria,39,93.0256
1644,bacteria,40,86.0897
1644,bacteria,41,79.3846
1644,bacteria,42,72.5256
1644,bacteria,43,66.7308
1644,bacteria,44,63.8718
1644,bacteria,45,61.3974
1644,bacteria,46,58.6026
1644,bacteria,47,55.7051
1644,bacteria,48,52.7308
1644,bacteria,49,49.1026
1644,bacteria,50,46.2949
1645,bacteria,0,65.9286
1645,bacteria,1,68.3571
1645,bacteria,2,70.5833
1645,bacteria,3,72.6786
1645,bacteria,4,74.1786
1645,bacteria,5,76.6071
1645,bacteria,6,77.8214
1645,bacteria,7,79.0714
1645,bacteria,8,82.7976
1645,bacteria,9,84.4881
1645,bacteria,10,85.3095
1645,bacteria,11,85.5
1645,bacteria,12,90.4881
1645,bacteria,13,95.381
1645,bacteria,14,98.0952
1645,bacteria,15,100.75
1645,bacteria,16,101.7143
1645,bacteria,17,100.7738
1645,bacteria,18,100.8333
1645,bacteria,19,101.4167
1645,bacteria,20,102
1645,bacteria,21,102.7619
1645,bacteria,22,103.4048
1645,bacteria,23,104.2143
1645,bacteria,24,104.4167
1645,bacteria,25,105.369
1645,bacteria,26,106.5119
1645,bacteria,27,106.9762
1645,bacteria,28,107.369
1645,bacteria,29,107.5119
1645,bacteria,30,107.4643
1645,bacteria,31,106.131
1645,bacteria,32,104.381
1645,bacteria,33,102.7143
1645,bacteria,34,99.9048
1645,bacteria,35,97.4881
1645,bacteria,36,95.631
1645,bacteria,37,94.1667
1645,bacteria,38,93.1429
1645,bacteria,39,93.1429
1645,bacteria,40,93.3929
1645,bacteria,41,93.1548
1645,bacteria,42,92.3095
1645,bacteria,43,90.1905
1645,bacteria,44,86.4405
1645,bacteria,45,82.1548
1645,bacteria,46,79.3929
1645,bacteria,47,74.0357
1645,bacteria,48,67.8333
1645,bacteria,49,64.7381
1645,bacteria,50,63.0714
1645,bacteria,51,62.9643
1646,bacteria,0,71.9545
1646,bacteria,1,73.3864
1646,bacteria,2,74.8295
1646,bacteria,3,77.4659
1646,bacteria,4,80.6932
1646,bacteria,5,83.6818
1646,bacteria,6,86.5341
1646,bacteria,7,89.6477
1646,bacteria,8,92.5795
1646,bacteria,9,95.4432
1646,bacteria,10,98.4091
1646,bacteria,11,100.9545
1646,bacteria,12,102.7045
1646,bacteria,13,105.0909
1646,bacteria,14,106.1818
1646,bacteria,15,106.3068
1646,bacteria,16,106.2159
1646,bacteria,17,106.1705
1646,bacteria,18,107.7955
1646,bacteria,19,107.4318
1646,bacteria,20,108.1705
1646,bacteria,21,108.2727
1646,bacteria,22,109.2273
1646,bacteria,23,109.8295
1646,bacteria,24,110.25
1646,bacteria,25,110.3523
1646,bacteria,26,110.3182
1646,bacteria,27,110
1646,bacteria,28,109.5795
1646,bacteria,29,108.75
1646,bacteria,30,110.125
1646,bacteria,31,111.2841
1646,bacteria,32,112.2614
1646,bacteria,33,113.1818
1646,bacteria,34,111.75
1646,bacteria,35,110.1932
1646,bacteria,36,107.7955
1646,bacteria,37,105.5455
1646,bacteria,38,104.5682
1646,bacteria,39,103.8409
1646,bacteria,40,104.2273
1646,bacteria,41,106.0114
1646,bacteria,42,106.3409
1646,bacteria,43,105.4659
1646,bacteria,44,104.1818
1646,bacteria,45,102.2386
1646,bacteria,46,100.5455
1646,bacteria,47,99.0909
1646,bacteria,48,97.9773
1646,bacteria,49,96.3523
1646,bacteria,50,93.8409
1646,bacteria,51,89.9545
1646,bacteria,52,87.2955
1646,bacteria,53,84.1023
1646,bacteria,54,81.9318
1646,bacteria,55,80.0795
1646,bacteria,56,78.2273
1646,bacteria,57,75.1023
1646,bacteria,58,71.7045
1646,bacteria,59,68.3295
